Ref,Val,Package,PosX,PosY,Rot,Side
"C32","100n","C_0402",96.050000,-100.600000,180.000000,bottom
"C38","100n","C_0402",98.600000,-99.550000,225.000000,bottom
"C49","DNP","C_0402",79.850000,-92.700000,0.000000,bottom
"C92","10u","C_0603",96.350000,-99.600000,180.000000,bottom
"J2","SD","microSD_HC_Hirose_DM3D-SF",85.800000,-99.800000,90.000000,bottom
